"Points",""
"Point",""
"Approved","Đã chấp nhận"
"Pending: Event","Đang chờ xét"
"Pending: Approval","Chờ chấp nhận"
"Not enough points for transaction. You have %s, but you need %s","Không đủ điểm để giao dịch. Bạn đang có %s, nhưng bạn cần dùng %s"
"Sent points to a friend, ","Sent points to a friend, "
"Received points from a friend, ","Received points from a friend, "
"Not enough points for transaction. You have %s, but you need %s.","Không đủ điểm để giao dịch. Bạn đang có %s, nhưng bạn cần dùng %s."
"You received %s for signing up!","You received %s for signing up!"
"Could not transfer points.","Could not transfer points."
"You received %s for signing up to a newsletter","You received %s for signing up to a newsletter"
"Could not interface with customer rewards system.","Could not interface with customer rewards system."
"You received %s for voting","You received %s for voting"
"Please log in, or sign up to apply point redemptions!","Xin vui lòng đăng nhập, hoặc đăng ký để sử dụng Wannabe Xu để được giảm giá!"
"Unable to load the redeem points hash","Unable to load the redeem points hash"
"You will receive %s upon approval of this review","Bạn sẽ được tặng %s sau khi được phê duyệt bài nhận xét này"
"You received %s for sending your friend this product","You received %s for sending your friend this product"
"No points","0 Wannabe Xu"
"No Points","0 Wannabe Xu"
"You will receive %s upon approval of this tag.","You will receive %s upon approval of this tag."
"Click to see a breakdown of how your points affect this line item.","Click to see a breakdown of how your points affect this line item."
"Points Spent","Đã thu Wannabe Xu"
"off","giảm"
"No points.","Không Wannabe Xu."
"Points Earned","Đã tặng Wannabe Xu"
"as low as","thấp"
"with","với"
"Redeem Your Points","Thu lại Wannabe Xu của bạn"
"Send Points to a Friend","Gửi tặng Wannabe Xu cho bạn bè"
"Transfer Manager","Quản lý chuyển giao"
"Currency Manager","Quản lý tiền tệ"
"Add Currency","Thêm tiền tệ"
"Special Points Rules","Các luật đặc biệt"
"Add New Special Rule","Thêm mới luật đặc biệt"
"Spends X Points","Dành X Wannabe Xu"
"Spends X points for every Y dollar amount in price","Dành X Wannabe Xu cho mỗi số tiền Y từ giá"
"[WARN:ALPHA] For every X points spent, discount Y from price","[WARN:ALPHA] Với dùng mỗi Wannabe Xu X, giảm giá Y từ giá"
"--Don\'t Transfer Points--","--không chuyển giao Wannabe Xu--"
"Give X points to customer","Tặng X Wannabe Xu cho khách hàng"
"For every Y dollar amount in price, give X points","Đối với mỗi số tiền Y trong giá, tặng Wannabe Xu X"
"Deduct X points from customer","Trích X Wannabe Xu của khách hàng"
"For every Y amount spent, deduct X points","Đối với mỗi số tiền Y chi, trích X Wannabe Xu"
"An error occured trying to apply the redemption while adding the product to your cart: ","Đã xảy ra lỗi cố gắng để áp dụng mua lại trong khi thêm các sản phẩm vào giỏ hàng của bạn: "
"For every Z qty purchased, deduct X points","Đối với mỗi mua Z số lượng, trừ X Wannabe Xu"
" For every X points spent, discount Y from price"," Với mỗi Wannabe Xu X chi, giảm giá Y từ giá"
"For every Y amount spent, give X points","Đối với mỗi số tiền dành Y, tặng X Wannabe Xu"
"For every Z qty purchased, give X points","Đối với mỗi mua Z số lượng, tặng X Wannabe Xu"
"Writes review","Viết nhận xét"
"Rates a product","Đánh giá sản phẩm"
"Signs up","Tạo tài khoản"
"Votes in poll","Phiếu thăm dò ý kiến"
"Sends product to friend","Gửi sản phẩm cho bạn bè"
"Signs up for a newsletter","Đăng ký nhận newsletter"
"Makes a new tag","Tạo mới 1 tag (nhãn)"
"Points Distribution","Tặng Wannabe Xu"
"Points Redeemed on Order","Thu lại Wannabe Xu trên đơn hàng"
"System Adjustment","Điểu chỉnh hệ thống"
"Points Received From a Friend","Nhận Wannabe Xu từ bạn bè"
"Points Given To a Friend","Tặng Wannabe Xu đến bạn bè"
"Points Revoked","Wannabe Xu bị thu hồi"
"Administrative Adjustment","Điều chỉnh hành chính"
"WARNING: UNSPECIFIED REASON","Chú ý: KHÔNG XÁC ĐỊNH LÝ DO"
"Poll",Thăm dò ý kiến
"Rating",Đánh giá
"Transfer",Chuyển giao
"Signup",Đăng ký tài khoản
"To Friend","Đến bạn bè"
"From Friend","Từ bạn bè"
"A valid redemption id to apply to this cart was not selected.","A valid redemption id to apply to this cart was not selected."
"The rule ","Các luật "
"You do have have enough %s Points.","Bạn chỉ có %s."
"The rule entitled ","Các luật "
"All requested reward redemptions were applied to your cart","All requested reward redemptions were applied to your cart"
"An error occured while trying to apply the redemption to your cart.","An error occured while trying to apply the redemption to your cart."
"All requested reward redemptions were removed from your cart","Tất cả các yêu cầu đổi Wannabe Xu đã được loại bỏ khỏi giỏ hàng của bạn"
"An error occured while trying to remove the redemption from your cart.","An error occured while trying to remove the redemption from your cart."
"Please log in or sign up to apply point redemptions!","Xin vui lòng đăng nhập hoặc đăng ký để sử dụng Wannabe Xu để được giảm giá!"
"An item was not selected or the item selected was invalid","An item was not selected or the item selected was invalid"
"A valid redemption id to apply to this product was not selected.","A valid redemption id to apply to this product was not selected."
"All requested reward redemptions were applied to the product.","All requested reward redemptions were applied to the product."
"All requested reward redemptions were removed from the product.","Tất cả các luật đổi Wannabe Xu đã được gở bỏ cho sản phẩm này."
"Sorry, you are not authorized to be access this section.","Sorry, you are not authorized to be access this section."
"There is no customer with that email address (%s).","There is no customer with that email address (%s)."
"%s is not allowed to use the %s points currency.","%s is not allowed to use the %s points currency."
"You must log in or sign up before sending points to a friend!","You must log in or sign up before sending points to a friend!"
"You cannot send %s points to %s when you only have %s!","You cannot send %s points to %s when you only have %s!"
"You have successfully sent %s to %s!","You have successfully sent %s to %s!"
"Currency does not exist","Currency does not exist"
"Can not create currencies. Available in future upgrades of Sweet Tooth.","Can not create currencies. Available in future upgrades of Sweet Tooth."
"currency was successfully saved","currency was successfully saved"
"Can not delete currency. Available in future upgrades of Sweet Tooth.","Can not delete currency. Available in future upgrades of Sweet Tooth."
"Can not execute a mass delete","Can not execute a mass delete"
"Please select transfer(s)","Please select transfer(s)"
"Transfer does not exist","Transfer does not exist"
"Transfer was successfully saved","Transfer was successfully saved"
"Edit User ","Edit User "
"Rating isn","Rating isn"
"All Point Transfers","All Point Transfers"
"You will be redirected to Amazon Checkout website when you place an order.","You will be redirected to Amazon Checkout website when you place an order."
"Checkout by Amazon","Checkout by Amazon"
"Search results for ","Search results for "
"Before Points","Before Points"
You,You
"You will be redirected to Google Checkout website when you place an order.","You will be redirected to Google Checkout website when you place an order."
"Fast checkout through Google","Fast checkout through Google"
"Paypal UK Checkout","Paypal UK Checkout"
"My Points and Rewards","Quản lý Wannabe Xu của tôi"
"Tags Aren","Tags Aren"
"Use spaces to separate tags. Use single quotes (","Use spaces to separate tags. Use single quotes ("
"Search Results for ","Search Results for "
"Products tagged with ","Products tagged with "
"Edit Category  ","Edit Category  "
"Edit Comment By ","Edit Comment By "
"Eamil Address","Eamil Address"
"Save Currency","Save Currency"
"Delete Transfer","Delete Transfer"
"Edit Currency #%s","Edit Currency #%s"
"Create New Currency","Create New Currency"
"Is Active","Is Active"
"Catalog Points Rules","Catalog Points Rules"
"Shopping Cart Points Rules","Shopping Cart Points Rules"
"Edit Rule ","Edit Rule "
"Save Transfer","Save Transfer"
"Create A New Transfer","Create A New Transfer"
"Revoke Transfer","Revoke Transfer"
"Edit Transfer #%s","Edit Transfer #%s"
"Created Time","Created Time"
"Customer ID","Customer ID"
Reason,Reason
Comments/Notes,Comments/Notes
"You are trying to redeem more points than you have in","Bạn cố gắng đổi Wannabe Xu nhưng bạn chỉ có"
"You are trying to redeem points but you","Bạn đã cố gắng đổi Wannabe Xu nhưng bạn"
"<i>No points</i>.","<i>No points</i>."
"Please enter a number more than zero (0).","Please enter a number more than zero (0)."
"Could not approve points.","Could not approve points."
"Failed to transfer points to customer %s","Failed to transfer points to customer %s"
"Successfully transfered %s to %s customer(s).","Successfully transfered %s to %s customer(s)."
"Woops, ran into error while trying to process your request: ","Woops, ran into error while trying to process your request: "
"Catalog Point Rule","Catalog Point Rule"
"You must still APPLY rules before they will take effect!","You must still APPLY rules before they will take effect!"
"The rule you are trying to delete no longer exists","The rule you are trying to delete no longer exists"
"Please use in this field only ","Please use in this field only "
"Currency Image Preview","Xem trước ảnh tiền tệ"
"Customer Point Balances","Wannabe Xu của Khách hàng"
"Customer Point Distributions","Khách hàng được tặng Wannabe Xu"
"Customer Point Redemptions","Khách hàng được mua lại Wannabe Xu"
"Your billing address will be ignored and you will be redirected to Amazon Simple Pay website.","Your billing address will be ignored and you will be redirected to Amazon Simple Pay website."
"You will be redirected to Amazon Simple Pay in a few seconds.","You will be redirected to Amazon Simple Pay in a few seconds."
"Your billing address will be ignored and you will be redirected to Checkout by Amazon website.","Your billing address will be ignored and you will be redirected to Checkout by Amazon website."
"<strong>%d item(s)</strong> were found using the following search criteria","<strong>%d item(s)</strong> were found using the following search criteria"
Don,Don
"Keep me logged in","Giữ cho tôi đăng nhập"
"Use Your Rewards Points!","Sử dụng Wannabe Xu của bạn!"
"Your redemptions:","Your redemptions:"
"You have applied no redemptions to this cart.","You have applied no redemptions to this cart."
"More ways to redeem:","More ways to redeem:"
"You must be logged in to redeem points. To proceed to the log-in page press OK.","You must be logged in to redeem points. To proceed to the log-in page press OK."
"You cannot spend more points on this cart.","You cannot spend more points on this cart."
"Points you will earn:","Points you will earn:"
"No extra points to earn on this cart.","No extra points to earn on this cart."
"You Will Earn:","Bạn sẽ được tặng:"
"You Will Spend:","Bạn sẽ sử dụng:"
"Not Enough Points!","Không đủ Wannabe Xu!"
"There are currently no products you can purchase using your points.","Hiện tại không có sản phẩm mà bạn có thể mua bằng Wannabe Xu của bạn."
"Point Amount:","Số Wannabe Xu:"
"Currency:","Tiền tệ:"
"Comment:","Bình luận:"
"Send to Friend","Send to Friend"
"My Points","Quản lý Wannabe Xu của bạn"
"Balance: ","Hiện có: "
"To Spend: ","Dự định dùng: "
"You are spending too many points!  You may not be able to checkout.","Bạn đang sử dụng quá nhiều Wannabe Xu! Bạn có thể không có khả năng thanh toán."
"Remaining: ","Sẽ còn: "
"You have No Points in your account.","Bạn không có Wannabe Xu nào trong tài khoản."
"You have no points to spend.","Bạn không có Wannabe Xu nào để đổi."
"You have %s to spend.","Bạn có %s để đổi sản phẩm."
"You are trying to redeem points without being logged in.  Please log-in or create a new account to spend points.","Bạn Phải đăng nhập mới sử dụng Wannabe Xu để được giảm giá, Hãy đăng nhập hoặc tạo tài khoản mới để Sử dụng Wannabe Xu."
"Please log-in or create an account, to use your points.","Xin vui lòng đăng nhập hay tạo tài khoản để quản lý <a href=""http://wannabe.com.vn/wannabe-xu.html"" title=""Hướng dẫn về Wannabe Xu""><strong>Wannabe Xu</strong></a> của bạn."
"Manage My Points","Quản lý Wannabe Xu của bạn"
"Log-in or create a new account","Đăng nhập hay tạo tài khoản mới"
"Points Summary","Tóm tắt các Wannabe Xu"
"My Points & Rewards","Wannabe Xu & phần thưởng của tôi"
"You have %s in your account.","Bạn có %s trong tài khoản của bạn."
"%s pending approval are pending approval.","%s đang trong tình trạng chờ xét."
"%s are on hold.","%s bị tạm giữ."
"Take a look at our rewards catalog today.","Hãy xem phần thưởng trong danh mục của chúng tôi vào ngày hôm nay."
"You have no transfers.","Bạn không có chuyển giao."
"Free using <b>%s!</b>","Mua giá <span class=""price""><b>0đ</b></span> với <span class=""price""><b>%s!</b></span>"
"As low as <b>%s</b> using <b>%s</b>","Chỉ còn <b>%s</b> với <b>%s</b>"
"Earn %s","Được tặng %s"
"You have %s","Hiện có %s"
"You could receive %s for writing ","Bạn có thể nhận được s% cho phần viết "
"Order ##","Đơn hàng ##"
"Unable to find any products tagged with ","Không tìm thấy bất kỳ sản phẩm được đánh tag"
"RSS link to %s","RSS link có %s"
"Unapproved","Không được chấp thuận"
"Points Currency Information","Các thông tin Wannabe Xu tiền tệ"
"Points Appearance","Xuất hiện Wannabe Xu"
"Make Transfer","Thực hiện chuyển giao"
"Give Points","Cho Wannabe Xu"
"Are you sure you want to create the transfer for all selected customers?","Bạn có chắc chắn muốn tạo chuyển giao cho tất cả khách hàng lựa chọn?"
"Deduct Points","Khấu trừ Wannabe Xu"
"Catalog Points Distribution Rules","Các luật tặng Wannabe Xu trong danh mục"
"Add New Catalog Distribution Rule","Thêm mới luật tặng Wannabe Xu trong danh mục"
"Catalog Points Redemption Rules","Các luật mua lại Wannabe Xu trong danh mục"
"Add New Catalog Redemption Rule","Thêm mới luật mua lại Wannabe Xu trong danh mục"
"Shopping Cart Points Distributions Rules","Các luật tặng Wannabe Xu trong giỏ hàng"
"Add New Cart Distributions Rule","Thêm mới luật tặng Wannabe Xu trong giỏ hàng"
"Shopping Cart Points Redemption Rules","Các luật mua lại Wannabe Xu trong giỏ hàng"
"Add New Cart Redemption Rule","Thêm mới luật mua lại Wannabe Xu trong giỏ hàng"
"Special Rule Edit","Sửa luật đặc biệt"
"Transfer Information","Thông tin chuyển giao"
"Reference Order","Tham khảo đơn đặt hàng"
"Reference Poll","Tham khảo thăm dò ý kiến"
"Reference Friend","Tham khảo bạn bè"
"Reference Review/Rating","Tham khảo nhận xét đánh giá"
"Reference Other Transfer","Tham khảo chuyển giao khác"
"Reference Product Tag","Tham khảo tag(nhãn) sản phẩm"
"You are currently subscribed to ","Bạn hiện đang đăng ký "
"You Will Spend","Sử dụng: "
"You cannot use points until you login or create a new account.","Bạn không thể sử dụng Wannabe Xu cho đến khi bạn đăng nhập hoặc tạo tài khoản mới."
"Use Your Points","Sử dụng <a href=""http://wannabe.com.vn/wannabe-xu.html"" title=""Hướng dẫn về Wannabe Xu""><strong>Wannabe Xu</strong></a> để được giảm giá"
"costs","Chi phí"
"You will earn %s for buying this product","Bạn sẽ được tặng %s cho sản phẩm này"
"Stock","Cổ phần"
"Sale items %s to %s of %s.","Bán các thành phần %s đến %s của %s."
"Showing %s Item(s) on sale.","Showing %s Item(s) on sale."
"Currency Appearance","Currency Appearance"
"Image Path (relative to store skin)","Image Path (relative to store skin)"
"Image Width (px)","Image Width (px)"
"Image Height (px)","Image Height (px)"
"Print Points on Image","Print Points on Image"
"Font Path (relative to store skin)","Font Path (relative to store skin)"
"Font Size (pt)","Font Size (pt)"
"Font Color (numeric)","Font Color (numeric)"
"Font Left Offset","Font Left Offset"
"Font Top Offset","Font Top Offset"
"Currency Caption","Currency Caption"
"Plural Currency Caption","Plural Currency Caption"
"Currency Value","Currency Value"
"Catalog Points Redemption Rule","Luật mua lại Wannabe Xu trong danh mục"
"Catalog Points Distribution Rule","Luật tặng Wannabe Xu trong danh mục"
"Shopping Cart Points Redemption Rule","Luật mua lại Wannabe Xu trong giỏ hàng"
"Shopping Cart Points Distribution Rule","Luận tặng Wannabe Xu trong giỏ hàng"
"Grant Points","Grant Points"
Customer...,Customer...
"Customer Group Is... ","Customer Group Is... "
"Date is After...","Date is After..."
"Date is Before...","Date is Before..."
"Date is Before: ","Date is Before: "
"Points Currency","Points Currency"
"Transfer Style","Transfer Style"
"Points Amount","Points Amount"
"Post Date","Post Date"
"Successfully cancelled transfer ID #","Successfully cancelled transfer ID #"
"Could not successfully revoke points associated with cancelled order.","Could not successfully revoke points associated with cancelled order."
"Item Discounts","Quy đổi(giảm giá)"
"Attribute group with the \",Attribute group with the \"","Attribute group with the \",Attribute group with the \""
"Your Points","Wannabe Xu của bạn"
"Reward With Points","Reward With Points"
"Points Amount (X)","Points Amount (X)"
"Monetary Step (Y)","Monetary Step (Y)"
"Monetary Step Currency","Monetary Step Currency"
"Maximum Total of Points To Transfer (0 for unlimited)","Maximum Total of Points To Transfer (0 for unlimited)"
"Quantity Step (Z)","Quantity Step (Z)"
"Clear Selections","Clear Selections"
"Shopping Cart Rule Name","Shopping Cart Rule Name"
"Catalog Rule Name","Catalog Rule Name"
"Points Rule ID","Points Rule ID"
"Points & Rewards","Points & Rewards"
"Uses Allowed Per Product (0 for unlimted)","Uses Allowed Per Product (0 for unlimted)"
"Product Conditions","Product Conditions"
"Customer Spends Points","Customer Spends Points"
"No Additional Discount--","No Additional Discount--"
"Monetary Step (Y) (in base currency)","Bước tiền tệ (Y) (ở cơ sở tiền tệ)"
"You have earned the following points on this order: ","You have earned the following points on this order: "
"You have spent the following points on this order: ","You have spent the following points on this order: "
"Your point transactions are currently pending and will be approved ","Your point transactions are currently pending and will be approved "
"Point Currencies","Point Currencies"
"Distribution Rules","Distribution Rules"
"Point Rules","Point Rules"
Catalog,Catalog
"Shopping Cart","Shopping Cart"
"Customer Behavior","Customer Behavior"
"Redemption Rules","Redemption Rules"
"Apply Catalog Rules","Apply Catalog Rules"
"Customers' Points","Customers' Points"
"Manage Transfers","Manage Transfers"
"Redemptions","Đã sử dụng Wannabe Xu"
Distributions,Distributions
"All Other Transfers","All Other Transfers"
"Create New Transfer","Create New Transfer"
"Points transfer initiated by the store administrator.","Points transfer initiated by the store administrator."
"zero points","zero points"
"Should the system allow customers to aquire a negative point balance in any point currency?","Should the system allow customers to aquire a negative point balance in any point currency?"
"Can customers use redemptions without being logged in?","Can customers use redemptions without being logged in?"
"Display Settings","Display Settings"
"Show Zero Cart Redemptions","Show Zero Cart Redemptions"
"Show cart redemptions total row when no redemptions are present.","Show cart redemptions total row when no redemptions are present."
"Guest Redemptions","Guest Redemptions"
"Show cart distributions total row when no distributions are present.","Show cart distributions total row when no distributions are present."
"Show Points Sidebar","Show Points Sidebar"
"Show Sidebar When Not Logged In","Show Sidebar When Not Logged In"
"Zero Points Caption","Zero Points Caption"
"# Products In Rewards Catalog","# Products In Rewards Catalog"
"The number of products to show in the mini rewards catalog in the customer points management panel.","The number of products to show in the mini rewards catalog in the customer points management panel."
"Initial Transfer Statuses","Initial Transfer Statuses"
"After Order","Sau khi đặt hàng"
"After Review","Sau khi nhận xét"
"After Rating","After Rating"
"After Poll","Sau khi thăm dò ý kiến"
"After Send Friend","Sau khi gửi bạn bè"
"After Tag","Sau khi tag(nhãn)"
"After Newsletter","Sau khi Newsletter"
"After Sign up","Sau khi đăng ký thành viên"
"Transfer To Friend","Chuyển giao cho bạn bè"
"Order Fulfillment","Thực hiện đặt hàng"
"Automatically Remove Points On Cancel","Tự động tra Wannabe Xu khi bị hủy"
"When an order is cancelled, should the point transfers associated with these orders be revoked/cancelled as well?","When an order is cancelled, should the point transfers associated with these orders be revoked/cancelled as well?"
"Automatically Approve Points on Invoice","Automatically Approve Points on Invoice"
"Automatically approve all related point transfers when the customer pays for the order.","Automatically approve all related point transfers when the customer pays for the order."
"Automatically Approve Points On Shipment","Automatically Approve Points On Shipment"
"Automatically approve all related point transfers when the order has been shipped.","Automatically approve all related point transfers when the order has been shipped."
"Customer Rewards","Thưởng khách hàng"
"Earning Points","Earning Points"
"Catalog Earning Rules","Catalog Earning Rules"
"Shopping Cart Earning Rules","Shopping Cart Earning Rules"
"Customer Behavior Earning Rules","Customer Behavior Earning Rules"
"Redeeming Points","Redeeming Points"
"Catalog Redeeming Rules","Catalog Redeeming Rules"
"Shopping Cart Redeeming Rules","Shopping Cart Redeeming Rules"
"Points received for signing up to a newsletter.","Points received for signing up to a newsletter."
"You cannot send points to yourself!!","You cannot send points to yourself!!"
"Transfer #%s is already %s.","Transfer #%s is already %s."
"Transfer #%s cannot be changed from %s to %s.","Transfer #%s cannot be changed from %s to %s."
"Try revoking the transfer(s) instead.","Try revoking the transfer(s) instead."
"Create And Continue Edit","Create And Continue Edit"
"%s are pending approval.","%s đang chờ xét."
"You could receive %s for writing a review and/or rating this product.","Viết Nhận Xét về sản phẩm này để nhận <span class=""price""><b>%s</b></span>. <a href=""http://wannabe.com.vn/wannabe-xu.html"" title=""Hướng dẫn về Wannabe Xu"" target=""_blank""><strong>Wannabe Xu</strong></a> được dùng để mua sản phẩm với giá giảm đến <span class=""price""><b>0 đồng</b></span> tại Wannabe.com.vn.<a href=""http://wannabe.com.vn/wannabe-xu.html"" title=""Hướng dẫn về Wannabe Xu"" target=""_blank"">Wannabe Xu là gì?</a>"
"You do not have enough points to spend on this order.  ","Bạn không đủ Wannabe Xu để được giảm giá trong đơn hàng này.  "
"You will not be able to earn or spend points when checking out with multiple addresses.","You will not be able to earn or spend points when checking out with multiple addresses."
"Customer Spending Style","Customer Spending Style"
"The customer was credited %s for the order.","The customer was credited %s for the order."
"You earned %s on the order you just placed.","Bạn thu được %s trên đơn hàng mà bạn vừa đặt."
"The customer was deducted %s for the order.","The customer was deducted %s for the order."
"You spent %s on the order you just placed.","Bạn đã sử dụng %s cho đơn hàng này."
"The customer","The customer"
"Your point transactions are currently pending and will be approved when we finish processing your order.","Wannabe.com.vn đã nhận được yêu cầu đổi Wannabe Xu của bạn và sẽ được xử lý cùng với đơn hàng này."
"Can\'t get customer instance","Can\'t get customer instance"
"Customer Point Transfers","Customer Point Transfers"
"There are %s in this account.","There are %s in this account."
"%s, %s off","%s giảm %s"
"New Transfer","New Transfer"
"See product details","See product details"
"Spends X points for every Y dollar amount in profit","Spends X points for every Y dollar amount in profit"
"For every Y amount of profit spent, deduct X points","For every Y amount of profit spent, deduct X points"
"New Distribution Rule","New Distribution Rule"
"Applicable Distribution Rules","Applicable Distribution Rules"
"There are %s that can be earned from this product.","There are %s that can be earned from this product."
"Applicable Redemption Rules","Applicable Redemption Rules"
"New Redemption Rule","New Redemption Rule"
"For every Y dollar amount in PRICE, give X points","Đối với mỗi số tiền Y của GIÁ, tặng Wannabe Xu X"
"For every Y dollar amount in PROFIT, give X points","Đối với mỗi số tiền Y của LỢI NHUẬN, tặng X Wannabe Xu"
Transfers,Transfers
"Earnings","Được tặng Wannabe Xu"
"Spendings","Sử dụng Wannabe Xu"
"Default message for mass transfers","Default message for mass transfers"
"Transfer revoked","Transfer revoked"
"Points received from a friend","Points received from a friend"
"Points sent to a friend","Points sent to a friend"
"Points earned for signing up to the site","Points earned for signing up to the site"
"Points earned for signing up to the newsletter","Points earned for signing up to the newsletter"
"Points earned for tagging a product","Points earned for tagging a product"
"Points earned for telling a friend about a product","Points earned for telling a friend about a product"
"Points earned for participating in a poll","Points earned for participating in a poll"
"Points earned for writing a review or rating a product","Points earned for writing a review or rating a product"
"Points spent on order","Points spent on order"
"Points earned from order","Points earned from order"
"Transfer Comments","Transfer Comments"
"Redemption rule points cost cannot be 0 points.","Redemption rule points cost cannot be 0 points."
"The product no longer exists in the cart, so points cannot be redeemed on it.","The product no longer exists in the cart, so points cannot be redeemed on it."
"An error occurred while trying to process your attempt to redeem points on a product.  Please contact the store ({$this->getSupportEmail()}).","An error occurred while trying to process your attempt to redeem points on a product.  Please contact the store ({$this->getSupportEmail()})."
"Sorry, unable to spend your points this way for this shopping cart.","Sorry, unable to spend your points this way for this shopping cart."
"It seems like your cart may have expired, so points weren","It seems like your cart may have expired, so points weren"
"Please specify an amount greater than zero.","Please specify an amount greater than zero."
"You can","You can"
"You are now spending %s on this cart.","You are now spending %s on this cart."
"Refers a friend","Refers a friend"
"Spend Points","Spend Points"
"Activate Layout Actions","Activate Layout Actions"
"All rules and settings were deleted.","All rules and settings were deleted."
"Config settings were reverted.","Config settings were reverted."
"Are you sure you would like to delete all Sweet Tooth rules?  Unless you haveve made a back-up, this is irreversable...","Are you sure you would like to delete all Sweet Tooth rules?  Unless you haveve made a back-up, this is irreversable..."
"Delete All","Delete All"
"Export Campaign","Export Campaign"
"Export Config","Export Config"
"Are you sure you would like to revert all Sweet Tooth config?  Unless you have made a back-up, this is irreversable...","Are you sure you would like to revert all Sweet Tooth config?  Unless you have made a back-up, this is irreversable..."
"Revert Settings","Revert Settings"
"Rules were imported successfully.","Rules were imported successfully."
"Settings were imported successfully.","Settings were imported successfully."
"The balance of %s for the customer %s with the e-mail %s has expired.  It was %s since his/her last activity.","The balance of %s for the customer %s with the e-mail %s has expired.  It was %s since his/her last activity."
"The customer %s with the e-mail %s was sent notification that his/her points will expire in %s days.","The customer %s with the e-mail %s was sent notification that his/her points will expire in %s days."
"% Off","% giảm"
"The catalog redemption rule entitled %s is invalid and cannot be applied.","The catalog redemption rule entitled %s is invalid and cannot be applied."
" For every X points spent, discount Y"," Với mỗi Wannabe Xu X chi, giảm giá Y"
"Tags a product","Tags a product"
"Give points to the customer","Give points to the customer"
"The rule %s does not apply to your cart.","The rule %s does not apply to your cart."
"The rule %s was not applied to your cart.","Luật %s không được thực hiện trong giỏ hàng của bạn."
"Spend your points","Giảm giá với <a href=""http://wannabe.com.vn/wannabe-xu.html"" title=""Hướng dẫn về Wannabe Xu"" target=""_blank"">Wannabe Xu</a>"
"You need to [[log-in]] to use your points.","Bạn cần phải [[đăng nhập]] để sử dụng Wannabe Xu."
"Choose how many points to spend","Chọn bao nhiêu Wannabe Xu để đổi"
"Maximize my discount with points","Đổi hết"
"You need to log-in to spend points.","Bạn cần đăng nhập để có thể đổi Wannabe Xu."
"More ways to spend points","Các cách khác dùng <a href=""http://wannabe.com.vn/wannabe-xu.html"" title=""Hướng dẫn về Wannabe Xu"" target=""_blank""><strong>Wannabe Xu</strong></a> để đổi"
"Spend <b>%s</b>, Get <b>%s</b>","Spend <b>%s</b>, Get <b>%s</b>"
"Use your points on any of these products","Dùng Wannabe Xu để đổi giảm giá các sản phẩm sau"
"Friend","Bạn bè"
"Your points balance will expire in %s days.","Số Wannabe Xu của bạn sẽ hết hạn trong %s ngày."
"%s Point","%s"
"%s Points","%s"
"Refreshing cart, please wait..","Làm mới giỏ hàng, xin vui lòng chờ đợi .."
"(Earn %s for signing up)","(có được %s để đăng ký)"
"You will receive %s upon approval of this review and/or rating.","Khách Hàng (mua ít nhất 1 đơn hàng thành công) sẽ nhận được <span class=""price""><b>400 Wannabe Xu</b></span> sau khi bài nhận xét được duyệt. Thành Viên (chưa mua hàng) sẽ nhận được <span class=""price""><b>200 Wannabe Xu</b></span>. <a href=""http://wannabe.com.vn/wannabe-xu.html"" title=""Hướng dẫn về Wannabe Xu"" target=""_blank""><strong>Wannabe Xu</strong></a> được dùng để mua sản phẩm với giá giảm đến 0 đồng tại Wannabe.com.vn.<a href=""http://wannabe.com.vn/wannabe-xu.html"" title=""Hướng dẫn về Wannabe Xu"" target=""_blank""><span style=""background-color: #FF0"">Hướng dẫn Wannabe Xu</span></a>. <br />Nhận xét phải đáp ứng tiêu chí sau: trên 100 từ, có dấu, hữu ích cho mọi người và không lấy từ nguồn khác."
"Earn %s for each approved tag you make.","Có được %s cho mỗi tag(nhãn) được chấp nhận."
"This value cannot be less than or equal to zero.","Giá trị này không thể nhỏ hơn hoặc bằng số 0."
"All Sweet Tooth rules and settings were imported successfully.","Tất cả Wannabe.com.vn luật và các thiết lập đã được nhập thành công."
"Spend one point less","Hãy dành 1 ít Wannabe Xu"
"Spend one point more","Hãy dành Wannabe Xu nhiều hơn"
"Updating Points Information...","Cập nhật thông tin các Wannabe Xu ..."
"Fixed Amount","Tiền có định"
"Change # Points Spent","thay đổi # Wannabe Xu đã qua chi"
"Updating Total...","Tổng số cập nhận..."
"Choose # of Points to Spend","Choose # of Points to Spend"
"Spending:","Sử dụng:"
"Earning:","Được tặng:"
"Change Points Usage","Thay đổi các Wannabe Xu sử dụng"
"Click here to change points spent on this order.","Click here to change points spent on this order."
"Pay for shipping with points","Pay for shipping with points"
"Sweet Tooth - Points Expiry Notice","Sweet Tooth - Points Expiry Notice"
"Can customers begin to redeem points before they log-in?  They will eventually have to log-in to complete their order either way.","Can customers begin to redeem points before they log-in?  They will eventually have to log-in to complete their order either way."
"Customer Account Summary Message","Customer Account Summary Message"
"This is the message that the customer sees when logged in in the summary box.  Default is no message (blank).  HTML is valid here.","This is the message that the customer sees when logged in in the summary box.  Default is no message (blank).  HTML is valid here."
"Show Send Points To A Friend","Show Send Points To A Friend"
"Should the customer be given the option to send points to a friend in the customer account panel rewards section?","Should the customer be given the option to send points to a friend in the customer account panel rewards section?"
"Show Mini Redemption Catalog","Show Mini Redemption Catalog"
"Should the mini redemption catalog in the customer account panel rewards section?","Should the mini redemption catalog in the customer account panel rewards section?"
"Show Points Optimizer","Show Points Optimizer"
"Show the 'as low as XXX with YYY points' message for each applicable product in the catalog product view pages?  This will only show if you have catalog redemption rules present that apply to a particular product.","Show the 'as low as XXX with YYY points' message for each applicable product in the catalog product view pages?  This will only show if you have catalog redemption rules present that apply to a particular product."
"Show the earning graphic in catalog listing","Show the earning graphic in catalog listing"
"Expired points balance transfer","Expired points balance transfer"
"Points Balance Expiry","Points Balance Expiry"
"Enable points balance expiry","Enable points balance expiry"
"Number of days before points balance expires","Number of days before points balance expires"
"Number of days before first warning e-mail","Number of days before first warning e-mail"
"E-mail template for first warning e-mail","E-mail template for first warning e-mail"
"Number of days before second warning e-mail","Number of days before second warning e-mail"
"E-mail template for second warning e-mail","E-mail template for second warning e-mail"
"Write expiry actions to log","Write expiry actions to log"
"Writes to var/log/rewards_expire.log when points expire for any customer or when an e-mail is sent","Writes to var/log/rewards_expire.log when points expire for any customer or when an e-mail is sent"
"The account was innactive for %s so the usable points balance expired.","The account was innactive for %s so the usable points balance expired."
"This will export point currencies, rules and Sweet Tooth configuration.","This will export point currencies, rules and Sweet Tooth configuration."
"Import Campaign","Import Campaign"
"WARNING: THIS WILL ALSO DELETE ALL YOUR SWEET TOOTH RULES!  Select a .stcampaign file and click 'Save Config' to import.","WARNING: THIS WILL ALSO DELETE ALL YOUR SWEET TOOTH RULES!  Select a .stcampaign file and click 'Save Config' to import."
"Delete Campaign","Delete Campaign"
"Deletes all Sweet Tooth rules","Deletes all Sweet Tooth rules"
"Migrated from old system.","Migrated from old system."
"%s Off","%s giảm"
"Shopping cart rules can discount shipping","Shopping cart rules can discount shipping"
"For any shopping cart points rules, can the customer use points to receive a discount on shipping?  This does not affect the FREE SHIPPING option fixed points rules.","For any shopping cart points rules, can the customer use points to receive a discount on shipping?  This does not affect the FREE SHIPPING option fixed points rules."
%s%%,%s%%
"If enabled, customers will only be rewarded shopping cart distribution rule points based on the subtotal after any applied redemptions or discounts.","If enabled, customers will only be rewarded shopping cart distribution rule points based on the subtotal after any applied redemptions or discounts."
"Give shopping cart distribution points based on subtotal after discount","Give shopping cart distribution points based on subtotal after discount"
"Top Earners","Top Earners"
"Points Balance","Points Balance"
Coupon,Coupon
"Uses per Coupon","Uses per Coupon"
"The Points Amount (X) field must be greater than zero (0).  If you don","The Points Amount (X) field must be greater than zero (0).  If you don"
"No customer identifier in CSV file. Please check the contents of the file.","No customer identifier in CSV file. Please check the contents of the file."
"No identifier for \"points_amount\" in CSV file. Please check the contents of the file.","No identifier for \"points_amount\" in CSV file. Please check the contents of the file."
"Error on line","Error on line"
"Customer with email","Customer with email"
"was not found in website with id #","was not found in website with id #"
"Customer with id #","Customer with id #"
"was not found.","was not found."
"Points transferred from CSV file","Points transferred from CSV file"
"Points were imported with the following errors:","Points were imported with the following errors:"
"No identifier for \",No identifier for \"","No identifier for \",No identifier for \""
"You are trying to redeem more points than you have in your balance.  You will not be able to checkout.","You are trying to redeem more points than you have in your balance.  You will not be able to checkout."
"Points were imported successfully.","Points were imported successfully."
"Percentage amount discount for whole cart","Tỷ lệ phần trăm số tiền chiết khấu cho toàn bộ giỏ hàng"
"Apply to Shipping Amount","Áp dụng đối với tiền Vận chuyển"
"Not supported for ","Not supported for "
"Negative Point Balances Allowed","Negative Point Balances Allowed"
"Disable Earnings When Points Used In Catalog","Disable Earnings When Points Used In Catalog"
"Disable Earnings When Points Used In Cart","Disable Earnings When Points Used In Cart"
"Friend's Email:","Friend's Email:"
Labels,Labels
"Default Label","Default Label"
"Default Rule Label for All Store Views","Default Rule Label for All Store Views"
"Store View Specific Labels","Store View Specific Labels"
"Customer Behavior Points Rules","Customer Behavior Points Rules"
"Add New Customer Behavior Rule","Add New Customer Behavior Rule"
"Unable to apply rules.","Unable to apply rules."
"Customer Behavior Rule","Customer Behavior Rule"
"Date is on or after...","Date is on or after..."
"Date is before...","Date is before..."
"The following errors occured while trying to install the module.","The following errors occured while trying to install the module."
"If any of these problems were unexpected, I recommend that you contact the module support team to avoid problems in the future.","If any of these problems were unexpected, I recommend that you contact the module support team to avoid problems in the future."
"For every Y amount spent, deduct X points [in development]","For every Y amount spent, deduct X points [in development]"
"For every Z qty purchased, deduct X points [in development]","For every Z qty purchased, deduct X points [in development]"
"Item totals are not set for rule.","Item totals are not set for rule."
"Your logged in session may have expired.  An item was not selected or the item selected was invalid","Your logged in session may have expired.  An item was not selected or the item selected was invalid"
"Your session has expired.  Please refresh the page.","Phiên làm việc của bạn đã hết hiệu lực.  Vui lòng nhấn F5 làm tươi lại trang web."
"The cache storage has been flushed.","The cache storage has been flushed."
"Re-install Database","Re-install Database"
"You may need to refresh the shopping cart to checkout.","You may need to refresh the shopping cart to checkout."
"Visit My Points & Rewards Section","Quản lý Wannabe Xu của tôi."
"You overspent your point balance.  Continue anyways?","You overspent your point balance.  Continue anyways?"
"You will need to login to use your points.  Continue anyways?","You will need to login to use your points.  Continue anyways?"
"(Before Catalog Disc.)","(Before Catalog Disc.)"
"Action to take once conditions are satisfied","Action to take once conditions are satisfied"
"Customer behavior","Customer behavior"
"Customer Group Is","Customer Group Is"
"Date is on or After","Date is on or After"
"Date is Before","Date is Before"
"Discount Style","Discount Style"
"Buy X get Y free (discount amount is Y) [in development]","Buy X get Y free (discount amount is Y) [in development]"
"Maximum Qty Discount is Applied to (only for ","Maximum Qty Discount is Applied to (only for "
"Discount Qty Step (Buy X, only for ","Discount Qty Step (Buy X, only for "
"This feature has been temporarily disabled for this version of Sweet Tooth in ensure quality.  It will be re-enabled in the next release of Sweet Tooth.","This feature has been temporarily disabled for this version of Sweet Tooth in ensure quality.  It will be re-enabled in the next release of Sweet Tooth."
"For items matching the conditions below","For items matching the conditions below"
"For the whole cart","For the whole cart"
"Apply Additional Discount","Apply Additional Discount"
"Apply the rule actions only to cart items matching the following conditions (leave blank for all items)","Apply the rule actions only to cart items matching the following conditions (leave blank for all items)"
"Customer redeems the following points","Customer redeems the following points"
"Customer Spends","Customer Spends"
"Maximum Redeemable Points","Hoàn lại tối đa Wannabe Xu"
"Customer Earning Style","Customer Earning Style"
"Maximum Distributed Points (0 for unlimited)","Maximum Distributed Points (0 for unlimited)"
"View Review","Xem nhận xét"
"View Order","Xem đơn đặt hàng"
"You don't have enough points to use this redemption rule.","Bạn không có đủ Wannabe Xu để có được giảm giá này."
"You are trying to redeem points but you're not logged in. You may not have enough points to checkout.","Wannabe Xu chưa thể sử dụng nếu bạn chưa đăng nhập. Bấm ""Thực hiện thanh toán"" để đăng nhập và sử dụng Wannabe Xu của bạn."
"You can't spend any more points in this cart.","Bạn không thể Sử dụng nhiều hơn bất kỳ Wannabe Xu nào trong giỏ hàng này."
"The rule entitled '%s' was not applied to your cart.","Các luật '%s' không được thực hiện trong giỏ hàng của bạn."
"Wannabe Xu use Buy product discount","Wannabe Xu được dùng để mua sản phẩm với giá giảm đến 0 đồng tại Wannabe.com.vn."
"You do not have enough points to spend on this order.  Please return to your cart and remove necessary point redemptions.","Bạn không đủ Wannabe Xu để được giảm giá trong đơn hàng này, Xin vui lòng quay lại giỏ hàng của bạn và loại bỏ phần đổi Wannabe Xu để được giảm giá."
"In a Order: you are awarded 300 %s for every 100.000đ","Trong 1 đơn hàng: cứ mỗi 100.000đ bạn được tặng 300 %s"
"You must be logged in to spend points.  Please return to your cart and remove the applied point redemptions.","Bạn không đủ Wannabe Xu để được giảm giá trong đơn hàng này, Xin vui lòng quay lại giỏ hàng của bạn và loại bỏ phần đổi Wannabe Xu để được giảm giá."
"The points you earned are currently pending the completion of your order. You will be able to spend these points after we finish processing your order.","Wannabe Xu sẽ tạm thời được giữ lại. được chuyển cho bạn sau khi Đơn hàng hoàn thành."
"You earned %s for the order you just placed.","Bạn sẽ được nhận %s Wannabe Xu (Có thể sử dụng để mua hàng) sau khi đơn hàng được hoàn thành."